<?xml version="1.0" encoding="UTF-8"?>
<project-private xmlns="http://www.netbeans.org/ns/project-private/1">
    <editor-bookmarks xmlns="http://www.netbeans.org/ns/editor-bookmarks/2" lastBookmarkId="0"/>
    <open-files xmlns="http://www.netbeans.org/ns/projectui-open-files/2">
        <group>
            <file>file:/C:/Users/user/Desktop/OODJ_assignment/Dhruba_GUI/src/Forms/Login.java</file>
            <file>file:/C:/Users/user/Desktop/OODJ_assignment/Dhruba_GUI/src/Forms/Availability_Scheduler.java</file>
            <file>file:/C:/Users/user/Desktop/OODJ_assignment/Dhruba_GUI/src/Forms/Maintenance_Management.java</file>
            <file>file:/C:/Users/user/Desktop/OODJ_assignment/Dhruba_GUI/src/Forms/Bookings_Customer.java</file>
            <file>file:/C:/Users/user/Desktop/OODJ_assignment/Dhruba_GUI/src/Forms/MyBookings_Customer.java</file>
            <file>file:/C:/Users/user/Desktop/OODJ_assignment/Dhruba_GUI/src/Forms/Admin_Dashboard.java</file>
            <file>file:/C:/Users/user/Desktop/OODJ_assignment/Dhruba_GUI/src/Forms/Staff_Management.java</file>
            <file>file:/C:/Users/user/Desktop/OODJ_assignment/Dhruba_GUI/src/Forms/Manager_Dashboard.java</file>
            <file>file:/C:/Users/user/Desktop/OODJ_assignment/Dhruba_GUI/src/Forms/Customer_Management.java</file>
            <file>file:/C:/Users/user/Desktop/OODJ_assignment/Dhruba_GUI/src/Forms/Customer_Dashboard.java</file>
            <file>file:/C:/Users/user/Desktop/OODJ_assignment/Dhruba_GUI/src/Forms/Scheduler_Dashboard.java</file>
            <file>file:/C:/Users/user/Desktop/OODJ_assignment/Dhruba_GUI/src/Forms/Maintenance_Scheduler.java</file>
            <file>file:/C:/Users/user/Desktop/OODJ_assignment/Dhruba_GUI/src/Forms/Hall_Management.java</file>
        </group>
    </open-files>
</project-private>
